,CSP/SA.adoc,CSP/SA_vars.adoc,IHV/Cisco/C240-SD.adoc,IHV/Cisco/C240-SD_BOM.adoc,IHV/Cisco/C240-SD_vars.adoc,IHV/Cisco/SA-RA-BPBV.adoc,IHV/Cisco/SA-RA-CompMod.adoc,IHV/Cisco/SA-RA-Deployment-Hardware.adoc,IHV/Cisco/SA_vars.adoc,IHV/Cisco/UCS.adoc,IHV/Dell/PowerEdge_vars.adoc,IHV/Dell/R640.adoc,IHV/Dell/R640_BOM.adoc,IHV/Dell/R650.adoc,IHV/Dell/R650_BOM.adoc,IHV/Dell/R740.adoc,IHV/Dell/R740_BOM.adoc,IHV/Dell/R750.adoc,IHV/Dell/R750_BOM.adoc,IHV/Dell/SA-RA-BPBV.adoc,IHV/Dell/SA-RA-CompMod.adoc,IHV/Dell/SA-RA-Deployment-Hardware.adoc,IHV/Fujitsu/PRIMERGY.adoc,IHV/Fujitsu/PRIMERGY_BOM.adoc,IHV/Fujitsu/PRIMERGY_vars.adoc,IHV/Fujitsu/SA.adoc,IHV/Fujitsu/SA-RA-BPBV.adoc,IHV/Fujitsu/SA-RA-CompMod.adoc,IHV/Fujitsu/SA-RA-Deployment-Hardware.adoc,IHV/HPE/Apollo.adoc,IHV/HPE/Apollo_BOM.adoc,IHV/HPE/Apollo_vars.adoc,IHV/HPE/Edgeline.adoc,IHV/HPE/Edgeline_BOM.adoc,IHV/HPE/Edgeline_vars.adoc,IHV/HPE/OneView_vars.adoc,IHV/HPE/ProLiant.adoc,IHV/HPE/ProLiant_BOM.adoc,IHV/HPE/ProLiant_vars.adoc,IHV/HPE/SA.adoc,IHV/HPE/SA-RA-BPBV.adoc,IHV/HPE/SA-RA-CompMod.adoc,IHV/HPE/SA-RA-Deployment-Hardware.adoc,IHV/HPE/Synergy.adoc,IHV/HPE/Synergy_BOM.adoc,IHV/HPE/Synergy_vars.adoc,IHV/SA.adoc,IHV/SA_vars.adoc,IHV/SMCi/SA-RA-BPBV.adoc,IHV/SMCi/SA-RA-CompMod.adoc,IHV/SMCi/SA-RA-Deployment-Hardware.adoc,IHV/SMCi/SuperServer_vars.adoc,IHV/SMCi/SYS-120C-TN10R.adoc,IHV/SMCi/SYS-120C-TN10R_BOM.adoc,IHV/SMCi/SYS-620C-TN12R.adoc,IHV/SMCi/SYS-620C-TN12R_BOM.adoc,IHV/template/SA-RA-BPBV.adoc,IHV/template/SA-RA-CompMod.adoc,IHV/template/SA-RA-Deployment-Hardware.adoc,iii/SA.adoc,iii/SA-RA-Requirements.adoc,ii/SA.adoc,ii/SA-RA-BPBV.adoc,ii/SA-RA-BPBV-K3s.adoc,ii/SA-RA-BPBV-Rancher.adoc,ii/SA-RA-BPBV-RKE1.adoc,ii/SA-RA-BPBV-RKE2.adoc,i/SA.adoc,i/SA-Kubernetes.adoc,i/SA-Rancher.adoc,ISV/SA.adoc,ISV/SA_vars.adoc,iv/SA.adoc,iv/SA-RA-ArchOv.adoc,iv/SA-RA-ArchOv-K3s.adoc,iv/SA-RA-ArchOv-Rancher.adoc,iv/SA-RA-ArchOv-RKE1.adoc,iv/SA-RA-ArchOv-RKE2.adoc,SA-About.adoc,SA.adoc,SA-Appendix.adoc,SA-Colophon.adoc,SA-Glossary.adoc,SA-Preface.adoc,SA-References.adoc,SA-Summary.adoc,SA_vars.adoc,SUSE/Harvester/SA_vars.adoc,SUSE/K3s/SA.adoc,SUSE/K3s/SA_vars.adoc,SUSE/Longhorn/SA.adoc,SUSE/Longhorn/SA_vars.adoc,SUSE/Manager/SA_vars.adoc,SUSE/Rancher/SA.adoc,SUSE/Rancher/SA_vars.adoc,SUSE/RKE1/SA.adoc,SUSE/RKE1/SA_vars.adoc,SUSE/RKE2/SA.adoc,SUSE/RKE2/SA_vars.adoc,SUSE/RMT/SA.adoc,SUSE/RMT/SA_vars.adoc,SUSE/SA.adoc,SUSE/SA_vars.adoc,SUSE/SLE-Micro/SA.adoc,SUSE/SLE-Micro/SA_vars.adoc,SUSE/SLES/SA.adoc,SUSE/SLES/SA_vars.adoc,SUSE/SUMa/SA.adoc,SUSE/SUMa/SA_vars.adoc,SUSE/YES-Process.adoc,SUSE/YES-Search.adoc,vii/SA.adoc,vii/SA-RA-DepConsiderations.adoc,vi/SA.adoc,vi/SA-RA-Deployment.adoc,vi/SA-RA-Deployment-Hardware.adoc,vi/SA-RA-Deployment-K3s.adoc,vi/SA-RA-Deployment-Kubernetes.adoc,vi/SA-RA-Deployment-OS.adoc,vi/SA-RA-Deployment-OS-prep.adoc,vi/SA-RA-Deployment-Rancher.adoc,vi/SA-RA-Deployment-RKE1.adoc,vi/SA-RA-Deployment-RKE2.adoc,vi/SA-RA-Deployment-Workload.adoc,vi/tmp-SA-RA-Deployment-Import-Downstream.adoc,v/SA.adoc,v/SA-RA-CompMod.adoc,v/SA-RA-CompMod-K3s.adoc,v/SA-RA-CompMod-Rancher.adoc,v/SA-RA-CompMod-RKE1.adoc,v/SA-RA-CompMod-RKE2.adoc,
DC-kubernetes_rc_k3s-slemicro_dell-poweredge,x,x,,,,,,,,,x,x,x,x,x,x,x,x,x,x,x,x,,,,,,,,,,,,,,,,,,,,,,,,,x,x,,,,,,,,,,,,,,x,x,x,,,,x,x,,x,x,x,x,x,,,,,x,x,,x,,x,x,x,,x,x,,,,x,x,x,x,x,x,x,x,x,x,x,x,x,x,x,x,x,x,,,x,x,x,x,,x,x,,,,x,,x,x,x,,,,
DC-kubernetes_rc_k3s-slemicro_smci-superserver,x,x,,,,,,,,,,,,,,,,,,,,,,,,,,,,,,,,,,,,,,,,,,,,,x,x,x,x,x,x,x,x,x,x,,,,,,x,x,x,,,,x,x,,x,x,x,x,x,,,,,x,x,,x,,x,x,x,,x,x,,,,x,x,x,x,x,x,x,x,x,x,x,x,x,x,x,x,x,x,,,x,x,x,x,,x,x,,,,x,,x,x,x,,,,
DC-kubernetes_rc_k3s-sles_dell-poweredge,x,x,,,,,,,,,x,x,x,x,x,x,x,x,x,x,x,x,,,,,,,,,,,,,,,,,,,,,,,,,x,x,,,,,,,,,,,,,,x,x,x,,,,x,x,,x,x,x,x,x,,,,,x,x,,x,,x,x,x,,x,x,,,,x,x,x,x,x,x,x,x,x,x,x,x,x,x,x,x,x,x,,,x,x,x,x,,x,x,,,,x,,x,x,x,,,,
DC-kubernetes_rc_k3s-sles_smci-superserver,x,x,,,,,,,,,,,,,,,,,,,,,,,,,,,,,,,,,,,,,,,,,,,,,x,x,x,x,x,x,x,x,x,x,,,,,,x,x,x,,,,x,x,,x,x,x,x,x,,,,,x,x,,x,,x,x,x,,x,x,,,,x,x,x,x,x,x,x,x,x,x,x,x,x,x,x,x,x,x,,,x,x,x,x,,x,x,,,,x,,x,x,x,,,,
DC-kubernetes_rc_rancher-k3s-slemicro_dell-poweredge,x,x,,,,,,,,,x,x,x,x,x,x,x,x,x,x,x,x,,,,,,,,,,,,,,,,,,,,,,,,,x,x,,,,,,,,,,,,,,x,x,,x,,,x,,x,x,x,x,x,,x,,,,x,x,,x,,x,x,x,,x,x,,,,x,x,x,x,x,x,x,x,x,x,x,x,x,x,x,x,x,x,,,x,x,x,x,,x,x,x,,,x,,x,x,,x,,,
DC-kubernetes_rc_rancher-k3s-slemicro_smci-superserver,x,x,,,,,,,,,,,,,,,,,,,,,,,,,,,,,,,,,,,,,,,,,,,,,x,x,x,x,x,x,x,x,x,x,,,,,,x,x,,x,,,x,,x,x,x,x,x,,x,,,,x,x,,x,,x,x,x,,x,x,,,,x,x,x,x,x,x,x,x,x,x,x,x,x,x,x,x,x,x,,,x,x,x,x,,x,x,x,,,x,,x,x,,x,,,
DC-kubernetes_rc_rancher-k3s-sles_dell-poweredge,x,x,,,,,,,,,x,x,x,x,x,x,x,x,x,x,x,x,,,,,,,,,,,,,,,,,,,,,,,,,x,x,,,,,,,,,,,,,,x,x,,x,,,x,,x,x,x,x,x,,x,,,,x,x,,x,,x,x,x,,x,x,,,,x,x,x,x,x,x,x,x,x,x,x,x,x,x,x,x,x,x,,,x,x,x,x,,x,x,x,,,x,,x,x,,x,,,
DC-kubernetes_rc_rancher-k3s-sles_smci-superserver,x,x,,,,,,,,,,,,,,,,,,,,,,,,,,,,,,,,,,,,,,,,,,,,,x,x,x,x,x,x,x,x,x,x,,,,,,x,x,,x,,,x,,x,x,x,x,x,,x,,,,x,x,,x,,x,x,x,,x,x,,,,x,x,x,x,x,x,x,x,x,x,x,x,x,x,x,x,x,x,,,x,x,x,x,,x,x,x,,,x,,x,x,,x,,,
DC-kubernetes_rc_rke1-sles_dell-poweredge,x,x,,,,,,,,,x,x,x,x,x,x,x,x,x,x,x,x,,,,,,,,,,,,,,,,,,,,,,,,,x,x,,,,,,,,,,,,,,x,x,,,x,,x,x,,x,x,x,x,,,x,,,x,x,,x,,x,x,x,,x,x,,,,x,x,x,x,x,x,x,x,x,x,x,x,x,x,x,x,x,x,,,x,x,x,,,x,x,,x,,x,,x,x,,,x,,
DC-kubernetes_rc_rke1-sles_smci-superserver,x,x,,,,,,,,,,,,,,,,,,,,,,,,,,,,,,,,,,,,,,,,,,,,,x,x,x,x,x,x,x,x,x,x,,,,,,x,x,,,x,,x,x,,x,x,x,x,,,x,,,x,x,,x,,x,x,x,,x,x,,,,x,x,x,x,x,x,x,x,x,x,x,x,x,x,x,x,x,x,,,x,x,x,,,x,x,,x,,x,,x,x,,,x,,
DC-kubernetes_rc_rke2-sles_dell-poweredge,x,x,,,,,,,,,x,x,x,x,x,x,x,x,x,x,x,x,,,,,,,,,,,,,,,,,,,,,,,,,x,x,,,,,,,,,,,,,,x,x,,,,x,x,x,,x,x,x,x,,,,x,,x,x,,x,,x,x,x,,x,x,,,,x,x,x,x,x,x,x,x,x,x,x,x,x,x,x,x,x,x,,,x,x,x,,,x,x,,,x,x,,x,x,,,,x,
DC-kubernetes_rc_rke2-sles_smci-superserver,x,x,,,,,,,,,,,,,,,,,,,,,,,,,,,,,,,,,,,,,,,,,,,,,x,x,x,x,x,x,x,x,x,x,,,,,,x,x,,,,x,x,x,,x,x,x,x,,,,x,,x,x,,x,,x,x,x,,x,x,,,,x,x,x,x,x,x,x,x,x,x,x,x,x,x,x,x,x,x,,,x,x,x,,,x,x,,,x,x,,x,x,,,,x,
DC-kubernetes_ri_k3s-slemicro,x,x,,,,,,,,,,,,,,,,,,,,,,,,,,,,,,,,,,,,,,,,,,,,,x,x,,,,,,,,,,,,,,x,x,x,,,,x,x,,x,x,x,x,x,,,,,x,x,,x,,x,x,x,,x,x,,,,x,x,x,x,x,x,x,x,x,x,x,x,x,x,x,x,x,x,,,x,x,x,x,,x,x,,,,x,,x,x,x,,,,
DC-kubernetes_ri_k3s-sles,x,x,,,,,,,,,,,,,,,,,,,,,,,,,,,,,,,,,,,,,,,,,,,,,x,x,,,,,,,,,,,,,,x,x,x,,,,x,x,,x,x,x,x,x,,,,,x,x,,x,,x,x,x,,x,x,,,,x,x,x,x,x,x,x,x,x,x,x,x,x,x,x,x,x,x,,,x,x,x,x,,x,x,,,,x,,x,x,x,,,,
DC-kubernetes_ri_rancher-k3s-slemicro,x,x,,,,,,,,,,,,,,,,,,,,,,,,,,,,,,,,,,,,,,,,,,,,,x,x,,,,,,,,,,,,,,x,x,,x,,,x,,x,x,x,x,x,,x,,,,x,x,,x,,x,x,x,,x,x,,,,x,x,x,x,x,x,x,x,x,x,x,x,x,x,x,x,x,x,,,x,x,x,x,,x,x,x,,,x,,x,x,,x,,,
DC-kubernetes_ri_rancher-k3s-sles,x,x,,,,,,,,,,,,,,,,,,,,,,,,,,,,,,,,,,,,,,,,,,,,,x,x,,,,,,,,,,,,,,x,x,,x,,,x,,x,x,x,x,x,,x,,,,x,x,,x,,x,x,x,,x,x,,,,x,x,x,x,x,x,x,x,x,x,x,x,x,x,x,x,x,x,,,x,x,x,x,,x,x,x,,,x,,x,x,,x,,,
DC-kubernetes_ri_rke1-sles,x,x,,,,,,,,,,,,,,,,,,,,,,,,,,,,,,,,,,,,,,,,,,,,,x,x,,,,,,,,,,,,,,x,x,,,x,,x,x,,x,x,x,x,,,x,,,x,x,,x,,x,x,x,,x,x,,,,x,x,x,x,x,x,x,x,x,x,x,x,x,x,x,x,x,x,,,x,x,x,,,x,x,,x,,x,,x,x,,,x,,
DC-kubernetes_ri_rke2-sles,x,x,,,,,,,,,,,,,,,,,,,,,,,,,,,,,,,,,,,,,,,,,,,,,x,x,,,,,,,,,,,,,,x,x,,,,x,x,x,,x,x,x,x,,,,x,,x,x,,x,,x,x,x,,x,x,,,,x,x,x,x,x,x,x,x,x,x,x,x,x,x,x,x,x,x,,,x,x,x,,,x,x,,,x,x,,x,x,,,,x,
